{
  "title": "TEST",
  "packing_mode": "monte_carlo",
  "box_size": [750.0, 750.0, 750.0],
  "hydrodynamic_radii": [[11.4, 11.4, 11.4, 11.4, 11.4, 11.4, 11.4, 11.4]],
  "lennard-jones_radii": [[11.4, 11.4, 11.4, 11.4, 11.4, 11.4, 11.4, 11.4]],
  "lennard-jones_energies": [[0.5922, 0.5922, 0.5922, 0.5922, 0.5922, 0.5922, 0.5922, 0.5922]],
  "charges": [[-12, -12, -12, -12, -12, -12, -12, -12]],
  "masses": [[1.0, 1.0, 1.0, 1.0, 1.0, 1.0, 1.0, 1.0]],
  "bond_force_constants": [[0.0986589, 0.0986589, 0.0986589, 0.0986589, 0.0986589, 0.0986589, 0.0986589]],
  "angle_force_constants": [[100, 100, 100, 100, 100, 100]],
  "numbers_of_molecules": [1],
  "labels_of_molecules": ["DNA"],
  "minimal_distance_between_surfaces": 10,
  "output_structure_filename": "test.str"
}
